molecule_chembl_id,canonical_smiles,standard_value
CHEMBL3632807,CC1(C)CCC2=C(O1)c1ccc([N+](=O)[O-])cc1C(=O)C2=O,400.0
CHEMBL3632806,CC1(C)CCC2=C(O1)c1ccc(C#N)cc1C(=O)C2=O,1600.0
CHEMBL3632805,CC1(C)CCC2=C(O1)c1ccc(Br)cc1C(=O)C2=O,9200.0
CHEMBL3632804,CC1(C)CCC2=C(O1)c1ccc(F)cc1C(=O)C2=O,1500.0
CHEMBL3183233,COCCOc1nc(-c2ccc(Cl)c(Cl)c2)n(-c2ccc(NC(=O)CCl)cc2)n1,3300.0
CHEMBL15192,CC1(C)CCC2=C(O1)c1ccccc1C(=O)C2=O,1200.0
CHEMBL3632803,COc1cc2c(cc1OC)C(=O)C1=C(CCC(C)(C)O1)C2=O,10000.0
CHEMBL3632802,CC(C)=CCC1=C(O)C(=O)c2cc(Br)ccc2C1=O,10000.0
CHEMBL3632801,CC(C)=CCC1=C(O)C(=O)c2cc(F)ccc2C1=O,10000.0
CHEMBL3632800,O=C(CNC1=CC(=O)C(=O)c2ccccc21)NCCc1ccccc1,3100.0
CHEMBL3632799,O=C1C=C(NCC(=O)N2CCCC2)c2ccccc2C1=O,4100.0
CHEMBL3635003,CNC(=O)CNC1=CC(=O)C(=O)c2ccccc21,3000.0
CHEMBL3635002,O=C1C=C(NC2CCN(Cc3ccccc3)CC2)c2ccccc2C1=O,5400.0
CHEMBL3635001,O=C1C=C(NC2CCN(Cc3ccccc3)C2)c2ccccc2C1=O,1500.0
CHEMBL1966084,O=C1C=C(NCCc2ccccc2)c2ccccc2C1=O,100000.0
CHEMBL3635000,CC(C)(C)OC(=O)NCCNC1=CC(=O)C(=O)c2ccccc21,14900.0
CHEMBL3634999,O=C1C=C(NCCCN2CCCC2=O)c2ccccc2C1=O,14400.0
CHEMBL3634998,O=C1C=C(NCCCN2CCCC2)c2ccccc2C1=O,11900.0
CHEMBL3634997,O=C1C=C(NCCN2CCOCC2)c2ccccc2C1=O,21900.0
CHEMBL3634996,COCCNC1=CC(=O)C(=O)c2ccccc21,7800.0
CHEMBL3634995,CN(C)CCNC1=CC(=O)C(=O)c2ccccc21,1600.0
CHEMBL3634994,CC(C)NC1=CC(=O)C(=O)c2ccccc21,20400.0
CHEMBL3634993,CN(C)C1=CC(=O)C(=O)c2ccccc21,2500.0
CHEMBL2036880,COc1ccc2c(c1)C(=O)C(=O)C1=C2OC(C)(C)CC1,600.0
CHEMBL177685,COc1cc2c(cc1OC)C1=C(CCC(C)(C)O1)C(=O)C2=O,2300.0
CHEMBL3632808,COc1ccc2c(c1)C1=C(CCC(C)(C)O1)C(=O)C2=O,9200.0
CHEMBL3632809,CC1(C)CCC2=C(O1)c1cc(O)ccc1C(=O)C2=O,9300.0
CHEMBL3806155,CO[C@@H](C)c1c(NC(=O)Nc2cnc(-n3nccn3)c(C(F)(F)F)c2)cnc2cc(Cl)nn12,0.023
CHEMBL3806279,CO[C@@H](C)c1c(NC(=O)Nc2cncc(C(F)(F)F)c2)cnc2cc(C)nn12,0.052
CHEMBL3805576,CC(C)c1c(NC(=O)Nc2cnc(N3CCCS3(=O)=O)c(C(F)(F)F)c2)cnc2cc(Cl)nn12,0.248
CHEMBL3806235,O=C(Nc1cnc(-n2nccn2)c(C(F)(F)F)c1)Nc1cnc2cc(Cl)nn2c1C1CCCO1,0.094
CHEMBL3805390,COCC(c1c(NC(=O)Nc2cnc(-n3nccn3)c(Cl)c2)cnc2cc(Cl)nn12)C1CC1,0.028
CHEMBL3806299,CC(C)c1c(NC(=O)Nc2ccc(-n3cc(CN)cn3)c(Cl)c2)cnc2cc(Cl)nn12,0.134
CHEMBL3814162,COCCOc1nc(-c2ccc(F)cc2)n(-c2ccc(NC(=O)CCl)cc2)n1,10000.0
CHEMBL3814576,COCCOc1nc(-c2ccc(Cl)cc2)n(-c2ccc(NC(=O)CCl)cc2)n1,3000.0
CHEMBL3814060,C=CC(=O)Nc1ccc(-n2nc(OCCOC)nc2-c2ccc(Cl)c(Cl)c2)cc1,34000.0
CHEMBL3815024,COCCOc1nc(-c2ccc3c(c2)OCO3)n(-c2ccc(NC(=O)CCl)cc2)n1,88000.0
CHEMBL3814599,COCCOc1nc(-c2ccc(C)c(C)c2)n(-c2ccc(NC(=O)CCl)cc2)n1,15000.0
CHEMBL3814883,COCCOc1nc(-c2ccc(OC)c(OC)c2)n(-c2ccc(NC(=O)CCl)cc2)n1,12000.0
CHEMBL3813977,COCCOc1nc(-c2ccc(F)c(F)c2)n(-c2ccc(NC(=O)CCl)cc2)n1,26000.0
CHEMBL3814955,COCCOc1nc(-c2ccc(-c3ccccc3)cc2)n(-c2ccc(NC(=O)CCl)cc2)n1,22000.0
CHEMBL3814081,COCCOc1nc(-c2cccc(C)c2)n(-c2ccc(NC(=O)CCl)cc2)n1,278000.0
CHEMBL3813798,COCCOc1nc(-c2ccc(C)cc2)n(-c2ccc(NC(=O)CCl)cc2)n1,9000.0
CHEMBL3814547,COCCOc1nc(-c2cccc(C(F)(F)F)c2)n(-c2ccc(NC(=O)CCl)cc2)n1,93000.0
CHEMBL3814394,COCCOc1nc(-c2ccc(C(F)(F)F)cc2)n(-c2ccc(NC(=O)CCl)cc2)n1,22000.0
CHEMBL3814540,COCCOc1nc(-c2cccc(OC)c2)n(-c2ccc(NC(=O)CCl)cc2)n1,194000.0
CHEMBL3814068,COCCOc1nc(-c2ccc(OC)cc2)n(-c2ccc(NC(=O)CCl)cc2)n1,45000.0
CHEMBL3813708,COCCOc1nc(-c2cccc(Br)c2)n(-c2ccc(NC(=O)CCl)cc2)n1,17000.0
CHEMBL3813831,COCCOc1nc(-c2ccc(Br)cc2)n(-c2ccc(NC(=O)CCl)cc2)n1,1500.0
CHEMBL3814299,COCCOc1nc(-c2cccc(F)c2)n(-c2ccc(NC(=O)CCl)cc2)n1,88000.0
CHEMBL3813764,COCCOc1nc(-c2cccc(Cl)c2)n(-c2ccc(NC(=O)CCl)cc2)n1,26000.0
CHEMBL3814679,COCCOc1nc(-c2ccccc2)n(-c2ccc(NC(=O)CCl)cc2)n1,98000.0
CHEMBL395110,CN1CCCC(CN2c3ccccc3Sc3ccccc32)C1,420.0
CHEMBL4128008,Cc1ccc(NC(=O)C2CCN(c3ncccc3Cl)CC2)cc1Cl,54.0
CHEMBL4125938,Cc1nc(C)n(-c2ccc(NC(=O)C3CCN(c4ncccc4[N+](=O)[O-])CC3)cc2Cl)n1,184.0
CHEMBL1520947,O=C(Nc1ccc(F)c(Cl)c1)C1CCN(c2ncccn2)CC1,1620.0
CHEMBL4127958,O=C(Nc1ccc(F)c(Cl)c1)C1CCN(c2ccccc2)CC1,820.0
CHEMBL4129003,O=C(Nc1ccc(F)c(Cl)c1)C1CCN(c2ccccn2)CC1,1900.0
CHEMBL4129874,O=C(Nc1ccc(F)c(Cl)c1)C1CCN(Cc2ccc(F)cc2)CC1,100000.0
CHEMBL4126262,CC(C)CN1CCC(C(=O)Nc2ccc(F)c(Cl)c2)CC1,100000.0
CHEMBL4130062,N#Cc1ccnc(N2CCC(C(=O)Nc3ccc(F)c(Cl)c3)CC2)c1,9000.0
CHEMBL4128693,N#Cc1cccnc1N1CCC(C(=O)Nc2ccc(F)c(Cl)c2)CC1,420.0
CHEMBL4128618,O=C(Nc1ccc(F)c(Cl)c1)C1CCN(c2ncccc2Cl)CC1,28.0
CHEMBL4129988,Nc1cccnc1N1CCC(C(=O)Nc2ccc(F)c(Cl)c2)CC1,100.0
CHEMBL4127369,O=C(Nc1ccc(F)c(Cl)c1)C1CCN(c2nccnc2Cl)CC1,100.0
CHEMBL4126562,O=C(NC1CCCCC1)C1CCN(c2ncccc2Cl)CC1,100000.0
CHEMBL4126140,O=C(Nc1ccccc1)C1CCN(c2ncccc2Cl)CC1,4700.0
CHEMBL4127519,O=C(Nc1cccc(Cl)c1)C1CCN(c2ncccc2Cl)CC1,210.0
CHEMBL4127375,COc1ncc(NC(=O)C2CCN(c3ncccc3Cl)CC2)cc1Cl,13.0
CHEMBL4128769,O=C(Nc1cnc(-n2nccn2)c(Cl)c1)C1CCN(c2ncccc2Cl)CC1,4.0
CHEMBL4128888,Nc1cccnc1N1CCC(C(=O)Nc2cnc(-n3nccn3)c(Cl)c2)CC1,7.0
CHEMBL4130251,Nc1cccnc1N1CCC(C(=O)Nc2ccc(-n3nccn3)c(Cl)c2)CC1,35.0
CHEMBL4129385,CNC(=O)c1ncn(-c2ccc(NC(=O)C3CCN(c4ncccc4Cl)CC3)cc2Cl)n1,21.0
CHEMBL4129254,Cc1cn(-c2cc(NC(=O)C3CCN(c4ncccc4Cl)CC3)cc(C(F)(F)F)c2)cn1,340.0
CHEMBL4567817,COc1ccc(NC(=O)C2CCN(c3nccc4sccc34)CC2)cc1Cl,690.0
CHEMBL4525868,COc1ccc(N(C)C(=O)C2CCN(c3nccc4sccc34)CC2)cc1Cl,30000.0
CHEMBL4530029,COc1ccc(NC(=O)C2CCN(c3nccc4ccsc34)CC2)cc1Cl,1300.0
CHEMBL4585807,COc1ccc(NC(=O)C2CCN(c3nccc4sc(C)cc34)CC2)cc1Cl,17800.0
CHEMBL4551510,COc1ccc(NC(=O)C2CCN(c3nccc4scnc34)CC2)cc1Cl,12900.0
CHEMBL4437395,COc1ccc(NC(=O)C2CCN(c3nccn4ccnc34)CC2)cc1Cl,20400.0
CHEMBL4536750,COc1ccc(NC(=O)C2CCN(c3nccn4cccc34)CC2)cc1Cl,1100.0
CHEMBL4439847,COc1ccc(NC(=O)C2CCN(c3ccc4ccccc4n3)CC2)cc1Cl,30000.0
CHEMBL4526427,COc1ccc(NC(=O)C2CCN(c3nccc4ccccc34)CC2)cc1Cl,2300.0
CHEMBL4469819,COc1ccc(NC(=O)C2CCN(c3ncnc4ccccc34)CC2)cc1Cl,4000.0
CHEMBL4446759,COc1ccc(NC(=O)C2CCN(c3ncccc3C)CC2)cc1Cl,100.0
CHEMBL4546577,COc1ccc(NC(=O)C2CCN(c3ncccc3Cl)CC2)cc1Cl,100.0
CHEMBL4534539,COc1ccc(NC(=O)C2CCN(c3ncccc3Br)CC2)cc1Cl,50.0
CHEMBL4457755,COc1ccc(NC(=O)C2CCN(c3ncccc3SC)CC2)cc1Cl,980.0
CHEMBL4525068,COc1ccc(NC(=O)C2CCN(c3ncccc3OC)CC2)cc1Cl,350.0
CHEMBL4594202,COc1ccc(NC(=O)C2CCN(c3ncccc3C(F)(F)F)CC2)cc1Cl,410.0
CHEMBL4562750,CCc1cccnc1N1CCC(C(=O)Nc2ccc(OC)c(Cl)c2)CC1,830.0
CHEMBL4475053,COc1ccc(NC(=O)C2CCN(c3ncccc3S(C)(=O)=O)CC2)cc1Cl,6030.0
CHEMBL4459148,COc1ccc(NC(=O)C2CCN(c3ccccn3)CC2)cc1Cl,3390.0
CHEMBL4442542,COc1ccc(NC(=O)C2CCN(c3nc(C)ccc3Cl)CC2)cc1Cl,550.0
CHEMBL4434699,COc1ccc(NC(=O)C2CCN(c3nccc(C)c3C)CC2)cc1Cl,17800.0
CHEMBL4566269,COc1ccc(NC(=O)C2CCN(c3ncccc3Oc3cccnc3)CC2)cc1Cl,4270.0
CHEMBL4514407,COc1ccc(NC(=O)C2CCN(c3ncccc3-c3cnn(C)c3)CC2)cc1Cl,13500.0
CHEMBL4541376,COc1ccc(NC(=O)C2CCN(c3ccccc3Cl)CC2)cc1Cl,230.0
CHEMBL4551225,COc1ccc(NC(=O)C2CCN(c3ncccc3C)C(C)C2)cc1Cl,50.0
CHEMBL4556101,COc1ccc(NC(=O)C2CCN(c3ncccc3Br)C(C)C2)cc1Cl,50.0
CHEMBL4556123,COc1ccc(NC(=O)C2CCN(c3ncccc3C)CC2C)cc1Cl,230.0
CHEMBL4476038,CC[C@@H]1C[C@H](C(=O)Nc2ccc(OC)c(Cl)c2)CCN1c1ncccc1C,290.0
CHEMBL4438687,COc1ccc(NC(=O)C2(C)CCN(c3ncccc3C)CC2)cc1Cl,30000.0
CHEMBL4536412,COc1ccc(N2CCC3(CCN(c4ncccc4C)CC3)C2=O)cc1Cl,11200.0
CHEMBL4458952,O=C(Nc1ccc(OC(F)(F)F)c(Cl)c1)C1CCN(c2ncccc2Cl)CC1,1740.0
CHEMBL4471046,O=C(Nc1cc(Cl)c2occc2c1)C1CCN(c2ncccc2Cl)CC1,100.0
CHEMBL4443047,COc1ncc(NC(=O)C2CCN(c3ncccc3Br)CC2)cc1Cl,30.0
CHEMBL4460951,COc1cnc(NC(=O)C2CCN(c3ncccc3Cl)CC2)cc1Cl,130.0
CHEMBL4470809,O=C(Nc1cnc(OC2CC2)c(Cl)c1)C1CCN(c2ncccc2Cl)CC1,40.0
CHEMBL4565085,O=C(Nc1cnc(Oc2cccnc2)c(Cl)c1)C1CCN(c2ncccc2Cl)CC1,130.0
CHEMBL4559304,O=C1COc2c(Cl)cc(NC(=O)C3CCN(c4ncccc4Cl)CC3)cc2N1,20.0
CHEMBL4471723,CNc1ncc(NC(=O)C2CCN(c3ncccc3Cl)CC2)cc1Cl,1000.0
CHEMBL4537193,O=C1COc2ccc(NC(=O)C3CCN(c4ncccc4Cl)CC3)cc2N1,540.0
CHEMBL4591083,COc1ccc(NC(=O)[C@@H]2CCN(c3ncccc3Br)[C@H](C)C2)cc1Cl,10.0
CHEMBL4550900,COc1ccc(NC(=O)[C@H]2CCN(c3ncccc3Br)[C@H](C)C2)cc1Cl,180.0
CHEMBL4437710,COc1ccc(NC(=O)[C@@H]2CCN(c3ncccc3Br)[C@@H](C)C2)cc1Cl,150.0
CHEMBL4453860,COc1ccc(NC(=O)[C@H]2CCN(c3ncccc3Br)[C@@H](C)C2)cc1Cl,17400.0
CHEMBL4534670,CC(C)[C@H](NC(=O)OCc1ccccc1)C(=O)N[C@@H](CCCNC(=N)N)C(=O)N1CCC[C@H]1C(=O)NC(CCCNC(=N)N)C(=O)CF,16.0
CHEMBL4575326,COC(=O)C1=CC=COc2oc3cc(C)cc(O)c3c(=O)c21,50900.0
CHEMBL4441858,COC(=O)C1=CC(C)=COc2oc3cccc(O)c3c(=O)c21,32100.0
CHEMBL4751202,Cc1ncncc1NC(=O)Nc1cnc(-n2nccn2)c(Cl)c1,20000.0
CHEMBL4783451,CC(C)c1ncncc1NC(=O)Nc1cnc(-n2nccn2)c(Cl)c1,1980.0
CHEMBL4777911,Cc1cc(C)c(NC(=O)Nc2cnc(-n3nccn3)c(Cl)c2)cn1,19300.0
CHEMBL4799622,O=C(Nc1cnc(-n2nccn2)c(Cl)c1)Nc1cncc2ccccc12,6020.0
CHEMBL4759864,Cc1c(NC(=O)Nc2cnc(-n3nccn3)c(Cl)c2)cnc2ccc(Br)cc12,160.0
CHEMBL4748253,CO[C@@H](C)c1c(NC(=O)Nc2cnc(-n3nccn3)c(Cl)c2)cnc2cc(Cl)nn12,6.0
CHEMBL4782908,Cc1c(NC(=O)Nc2cnc(-n3nccn3)c(Cl)c2)cnc2ccccc12,237.0
CHEMBL4742156,CC(C)c1c(NC(=O)Nc2cnc(-n3nccn3)c(Cl)c2)cnc2ccccc12,78.0
CHEMBL4760252,O=C(Nc1cnc(-n2nccn2)c(Cl)c1)Nc1cnc2ccccc2c1C1CCCC1,451.0
CHEMBL4762086,O=C(Nc1cnc(-n2nccn2)c(Cl)c1)Nc1cnc2ccccc2c1C1CC1,7.0
CHEMBL4784606,O=C(Nc1cnc(-n2nccn2)c(Cl)c1)Nc1cnc2cc(Cl)ccc2c1C1CC1,432.0
CHEMBL4784740,O=C(Nc1cnc(-n2nccn2)c(Cl)c1)Nc1cnc2ccc(Cl)cc2c1C1CC1,2.0
CHEMBL4740768,O=C(Nc1cnc(-n2nccn2)c(Cl)c1)Nc1cnc2cc(F)ccc2c1C1CC1,92.0
CHEMBL4741853,O=C(Nc1cnc(-n2nccn2)c(Cl)c1)Nc1cnc2ccc(F)cc2c1C1CC1,6.0
CHEMBL4780316,COc1ccc2c(C3CC3)c(NC(=O)Nc3cnc(-n4nccn4)c(Cl)c3)cnc2c1,20000.0
CHEMBL4740000,COc1ccc2ncc(NC(=O)Nc3cnc(-n4nccn4)c(Cl)c3)c(C3CC3)c2c1,13.0
CHEMBL4790415,COC(C)c1c(NC(=O)Nc2cnc(-n3nccn3)c(Cl)c2)cnc2ccccc12,33.0
CHEMBL4763765,CCOC(C)c1c(NC(=O)Nc2cnc(-n3nccn3)c(Cl)c2)cnc2ccccc12,55.0
CHEMBL4755479,COC(C)(C)c1c(NC(=O)Nc2cnc(-n3nccn3)c(Cl)c2)cnc2ccccc12,165.0
CHEMBL4751498,CC(O)c1c(NC(=O)Nc2cnc(-n3nccn3)c(Cl)c2)cnc2ccccc12,28.0
CHEMBL4791759,COC(C)c1c(NC(=O)Nc2cnc(-n3nccn3)c(Cl)c2)cnc2ccc(F)cc12,18.0
CHEMBL4749826,CCOC(C)c1c(NC(=O)Nc2cnc(-n3nccn3)c(Cl)c2)cnc2ccc(F)cc12,27.0
CHEMBL4789469,COC(C)(C)c1c(NC(=O)Nc2cnc(-n3nccn3)c(Cl)c2)cnc2ccc(F)cc12,35.0
CHEMBL4779581,CC(O)c1c(NC(=O)Nc2cnc(-n3nccn3)c(Cl)c2)cnc2ccc(F)cc12,7.0
CHEMBL4794268,Cc1nc2c(C3CC3)c(NC(=O)Nc3cnc(-n4nccn4)c(Cl)c3)cnc2s1,46.0
CHEMBL4749854,COC(C)c1c(NC(=O)Nc2cnc(-n3nccn3)c(Cl)c2)cnc2sc(C)nc12,30.0
CHEMBL4784899,CCOC(C)c1c(NC(=O)Nc2cnc(-n3nccn3)c(Cl)c2)cnc2sc(C)nc12,36.0
CHEMBL4788571,Cc1nc2c(C(C)O)c(NC(=O)Nc3cnc(-n4nccn4)c(Cl)c3)cnc2s1,69.0
CHEMBL1336903,COc1ccc(NC(=O)NC2COc3ccccc3C2)cc1Cl,2300.0
CHEMBL4783666,COc1ccc(NC(=O)NC2COc3ccc(C#N)cc3C2)cc1Cl,1920.0
CHEMBL4751838,COc1ccc(NC(=O)NC2COc3ccc(F)cc3C2)cc1Cl,1250.0
CHEMBL4742888,COc1ccc(NC(=O)NC2CSc3ccc(F)cc3C2)cc1Cl,4270.0
CHEMBL4786633,O=C(Nc1ccc(-n2cncn2)c(Cl)c1)N[C@H]1COc2ccc(Br)cc2C1,1960.0
CHEMBL4747104,COc1ncc(NC(=O)NC2COc3ccc(Br)cc3C2)cc1Cl,3540.0
CHEMBL4754209,COc1ccc(NC(=O)Nc2cnc3ccc(Br)cc3c2)cc1Cl,4820.0
CHEMBL4798110,COc1ccc(NC(=O)Nc2cnc3ccc(Br)cc3c2Cl)cc1Cl,510.0
CHEMBL4785146,COc1ccc(NC(=O)Nc2cnc3ccc(C#N)cc3c2N(C)C2CCOCC2)cc1Cl,670.0
CHEMBL4748505,COc1ncc(NC(=O)Nc2cnc3ccc(C#N)cc3c2N(C)C2CCOCC2)cc1Cl,190.0
CHEMBL4765158,COc1ccc(NC(=O)Nc2cnc3ccc(C#N)cc3c2N2CCOC[C@@H]2C)cc1Cl,120.0
CHEMBL4796575,COc1ncc(NC(=O)Nc2cnc3ccc(C#N)cc3c2N2CCOC[C@@H]2C)cc1Cl,37.0
CHEMBL4795854,COc1ncc(NC(=O)Nc2cnc3cc(Br)nn3c2N2CCOC[C@@H]2C)cc1Cl,740.0
CHEMBL4757361,COc1ncc(NC(=O)Nc2cnc3cc(Cl)nn3c2N2CCOCC2(C)C)cc1Cl,80.0
CHEMBL4795909,CC1(C)COCCN1c1c(NC(=O)Nc2ccnc(C(F)(F)F)c2)cnc2cc(Cl)nn12,280.0
CHEMBL4754690,COc1ncc(NC(=O)Nc2cnc3cc(Cl)nn3c2N2[C@@H](C)COC[C@@H]2C)cc1Cl,330.0
CHEMBL4796225,C[C@H]1COC[C@H](C)N1c1c(NC(=O)Nc2ccnc(C(F)(F)F)c2)cnc2cc(Cl)nn12,160.0
CHEMBL4764115,COc1ccc(NC(=O)N[C@H]2COc3ccccc3C2)cc1Cl,135.0
CHEMBL4745442,COc1ccc(NC(=O)N[C@@H]2COc3ccccc3C2)cc1Cl,100000.0
CHEMBL4761510,COc1ccc(NC(=O)NC2COc3ccc(Br)cc3C2)cc1Cl,50.0
CHEMBL4756613,COc1ccc(NC(=O)NC2CCc3ccccc3C2)cc1Cl,100000.0
CHEMBL4756051,COc1ccc(NC(=O)CC2COc3ccccc3C2)cc1Cl,1000.0
CHEMBL4752603,COc1ccc(CC(=O)NC2COc3ccccc3C2)cc1Cl,100000.0
CHEMBL4779836,COc1ccc(N(C)C(=O)NC2COc3ccc(Br)cc3C2)cc1Cl,100000.0
CHEMBL4779204,COc1ccc(NC(=O)N(C)C2COc3ccc(Br)cc3C2)cc1Cl,100000.0
CHEMBL4756634,COc1ncc(NC(=O)Nc2cnc3ccc(F)cc3c2N(C)C2CCCN(C)C2)cc1Cl,70.0
CHEMBL4758420,C[C@H]1COCCN1c1c(NC(=O)Nc2cnc(OC3CCN(C)CC3)c(Cl)c2)cnc2ccc(F)cc12,70.0
CHEMBL4785617,Cc1c(NC(=O)Nc2ccnc(C(F)(F)F)c2)cnc2cc(Cl)nn12,998.0
CHEMBL4784806,CC(C)c1c(NC(=O)Nc2ccnc(C(F)(F)F)c2)cnc2cc(Cl)nn12,15.0
CHEMBL4745946,CC(C)c1c(NC(=O)Nc2cnc(-n3nccn3)c(Cl)c2)cnc2cc(Cl)nn12,3.0
CHEMBL4786953,O=C(Nc1cnc(-n2nccn2)c(Cl)c1)Nc1cnc2cc(Cl)nn2c1C1CC1,5.0
CHEMBL4763128,O=C(Nc1cnc(-n2nccn2)c(Cl)c1)Nc1cnc2cc(Cl)nn2c1C1CCOCC1,10.0
CHEMBL4781879,COC[C@H](C)c1c(NC(=O)Nc2cnc(-n3nccn3)c(Cl)c2)cnc2cc(Cl)nn12,3.0
CHEMBL4760571,COC[C@@H](C)c1c(NC(=O)Nc2cnc(-n3nccn3)c(Cl)c2)cnc2cc(Cl)nn12,4.0
CHEMBL4795308,COCc1c(NC(=O)Nc2cnc(-n3nccn3)c(Cl)c2)cnc2cc(Cl)nn12,18.0
CHEMBL4787356,CO[C@H](C)c1c(NC(=O)Nc2cnc(-n3nccn3)c(Cl)c2)cnc2cc(Cl)nn12,13.0
CHEMBL4746044,CO[C@@H](C)c1c(NC(=O)Nc2ccnc(C(F)(F)F)c2)cnc2cc(Cl)nn12,4.0
CHEMBL479,CSc1ccc2c(c1)N(CCC1CCCCN1C)c1ccccc1S2,3430.0
CHEMBL1401572,CNC(=O)c1cc(-c2ccc(Cl)cc2)n(-c2ccccc2)n1,19790.0
CHEMBL4855013,CNC(=O)c1cc(-c2ccc(Cl)cc2)n(Cc2ccccc2)n1,16330.0
CHEMBL4849377,CNC(=O)c1cc(-c2ccc(Cl)cc2)n(C)n1,25000.0
CHEMBL4868040,CNC(=O)c1cc(-c2ccc(Cl)cc2)n(-c2ccc(Cl)cc2)n1,7010.0
CHEMBL4854452,CNC(=O)c1cc(-c2ccc(Cl)cc2)n(-c2ccccc2Cl)n1,25000.0
CHEMBL4847280,CNC(=O)c1cc(-c2cccc(Cl)c2)n(-c2ccc(Cl)cc2)n1,25000.0
CHEMBL4869686,CNC(=O)c1cc(-c2ccccc2Cl)n(-c2ccc(Cl)cc2)n1,25000.0
CHEMBL4849824,CNC(=O)c1cc(-c2ccccc2)n(-c2ccc(Cl)cc2)n1,16790.0
CHEMBL4870944,CNC(=O)c1cc(-c2ccc(OC)cc2)n(-c2ccc(Cl)cc2)n1,6550.0
CHEMBL4876803,CNC(=O)c1cc(-c2ccc(F)cc2)n(-c2ccc(Cl)cc2)n1,25000.0
CHEMBL4853526,CNC(=O)c1cc(-c2ccc(C(F)(F)F)cc2)n(-c2ccc(Cl)cc2)n1,25000.0
CHEMBL4850538,CNC(=O)c1cc(-c2ccc(CO)cc2)n(-c2ccc(Cl)cc2)n1,25000.0
CHEMBL4876960,CNC(=O)c1cc(-c2ccc(S(C)(=O)=O)cc2)n(-c2ccc(Cl)cc2)n1,25000.0
CHEMBL4861384,CNC(=O)c1cc(-c2ccc(OC(F)(F)F)cc2)n(-c2ccc(Cl)cc2)n1,25000.0
CHEMBL4856758,CNC(=O)c1cc(-c2ccc(C#N)cc2)n(-c2ccc(Cl)cc2)n1,25000.0
CHEMBL4854584,CNC(=O)c1cc(-c2ccsc2)n(-c2ccc(Cl)cc2)n1,25000.0
CHEMBL4846926,CNC(=O)c1cc(-c2ccco2)n(-c2ccc(Cl)cc2)n1,25000.0
CHEMBL4875801,CNC(=O)c1cc(-c2ccoc2)n(-c2ccc(Cl)cc2)n1,25000.0
CHEMBL4851687,CNC(=O)c1cc(-c2ccc(OC)nc2)n(-c2ccc(Cl)cc2)n1,25000.0
CHEMBL3972284,CN(C)C(=O)c1cc(-c2ccc(Cl)cc2)n(-c2ccc(Cl)cc2)n1,21180.0
CHEMBL4871767,O=C(c1cc(-c2ccc(Cl)cc2)n(-c2ccc(Cl)cc2)n1)N1CCCC1,25000.0
CHEMBL4852445,NCCNC(=O)c1cc(-c2ccc(Cl)cc2)n(-c2ccc(Cl)cc2)n1,1980.0
CHEMBL4872478,NCCCNC(=O)c1cc(-c2ccc(Cl)cc2)n(-c2ccc(Cl)cc2)n1,7390.0
CHEMBL4858998,O=C(NCCO)c1cc(-c2ccc(Cl)cc2)n(-c2ccc(Cl)cc2)n1,6550.0
CHEMBL4852750,O=C(NCCCO)c1cc(-c2ccc(Cl)cc2)n(-c2ccc(Cl)cc2)n1,12410.0
CHEMBL4860905,NC(=O)CCNC(=O)c1cc(-c2ccc(Cl)cc2)n(-c2ccc(Cl)cc2)n1,13390.0
CHEMBL4878505,O=C(NCCc1ccccc1)c1cc(-c2ccc(Cl)cc2)n(-c2ccc(Cl)cc2)n1,25000.0
CHEMBL4852604,O=C(NCC1CCCCC1)c1cc(-c2ccc(Cl)cc2)n(-c2ccc(Cl)cc2)n1,25000.0
CHEMBL4871514,CNCCNC(=O)c1cc(-c2ccc(Cl)cc2)n(-c2ccc(Cl)cc2)n1,800.0
CHEMBL4866278,CN(C)CCNC(=O)c1cc(-c2ccc(Cl)cc2)n(-c2ccc(Cl)cc2)n1,490.0
CHEMBL4878237,CC(=O)NCCNC(=O)c1cc(-c2ccc(Cl)cc2)n(-c2ccc(Cl)cc2)n1,3300.0
CHEMBL4868435,CS(=O)(=O)NCCNC(=O)c1cc(-c2ccc(Cl)cc2)n(-c2ccc(Cl)cc2)n1,4370.0
CHEMBL3912981,CN(C)CCCNC(=O)c1cc(-c2ccc(Cl)cc2)n(-c2ccc(Cl)cc2)n1,2630.0
CHEMBL4860141,CN(C)CCCCNC(=O)c1cc(-c2ccc(Cl)cc2)n(-c2ccc(Cl)cc2)n1,2220.0
CHEMBL4878663,CN(C)C1CCN(C(=O)c2cc(-c3ccc(Cl)cc3)n(-c3ccc(Cl)cc3)n2)C1,10620.0
CHEMBL4851874,CCN1CCC[C@@H]1CNC(=O)c1cc(-c2ccc(Cl)cc2)n(-c2ccc(Cl)cc2)n1,2100.0
CHEMBL4847984,CN1CCCCC1CNC(=O)c1cc(-c2ccc(Cl)cc2)n(-c2ccc(Cl)cc2)n1,521.0
CHEMBL4855466,CN1CCCC(NC(=O)c2cc(-c3ccc(Cl)cc3)n(-c3ccc(Cl)cc3)n2)C1,1700.0
CHEMBL4846703,CN1CCOC[C@H]1CNC(=O)c1cc(-c2ccc(Cl)cc2)n(-c2ccc(Cl)cc2)n1,2010.0
CHEMBL4848582,CN1CCC(O)CC1CNC(=O)c1cc(-c2ccc(Cl)cc2)n(-c2ccc(Cl)cc2)n1,993.0
CHEMBL4853614,O=C(NCC1COCCN1)c1cc(-c2ccc(Cl)cc2)n(-c2ccc(Cl)cc2)n1,819.0
CHEMBL4568735,CO[C@@H](C)c1c(Nc2ccc([C@H](N(C)C(=O)C3CCS(=O)(=O)CC3)C(F)(F)F)cc2)cnc2cc(Cl)nn12,18.0
CHEMBL4584981,CO[C@@H](C)c1c(Nc2ccc([C@@H](N(C)C(=O)C3CCS(=O)(=O)CC3)C(F)(F)F)cc2)cnc2cc(Cl)nn12,190.0
CHEMBL4459895,CC(C)[C@H](NC(=O)c1ccc(Br)cc1)C(=O)N1CCC[C@H]1C(=O)N[C@@H](CCCNC(=N)N)C(=O)CF,10.0
CHEMBL5090117,O=C(Nc1ccccc1)c1sc(=S)n2c1[nH]c(=O)c1ccccc12,25000.0
CHEMBL5087259,O=C(Nc1ccc([N+](=O)[O-])cc1)c1sc(=S)n2c1[nH]c(=O)c1ccccc12,6700.0
CHEMBL5085245,O=C(Nc1ccc(Cl)cc1)c1sc(=S)n2c1[nH]c(=O)c1ccccc12,25000.0
CHEMBL5082912,CCc1ccc(NC(=O)c2sc(=S)n3c2[nH]c(=O)c2ccccc23)cc1,25000.0
CHEMBL5093255,COc1ccc(NC(=O)c2sc(=S)n3c2[nH]c(=O)c2ccccc23)cc1,25000.0
CHEMBL5092232,COc1cccc(NC(=O)c2sc(=S)n3c2[nH]c(=O)c2ccccc23)c1,25000.0
CHEMBL5084239,COc1ccccc1NC(=O)c1sc(=S)n2c1[nH]c(=O)c1ccccc12,25000.0
CHEMBL5087532,COc1ccc(OC)c(NC(=O)c2sc(=S)n3c2[nH]c(=O)c2ccccc23)c1,25000.0
CHEMBL5079806,CCc1ccccc1NC(=O)c1sc(=S)n2c1[nH]c(=O)c1ccccc12,14700.0
CHEMBL5092340,O=C(Nc1cc(Cl)cc(Cl)c1)c1sc(=S)n2c1[nH]c(=O)c1ccccc12,2200.0
CHEMBL5078910,O=C(Nc1ccc(Cl)c(Cl)c1)c1sc(=S)n2c1[nH]c(=O)c1ccccc12,25000.0
CHEMBL5084101,COc1ccc(OC)c(NC(=O)c2sc(=S)n3c2[nH]c(=O)c2ccc(OC)cc23)c1,25000.0
CHEMBL5072179,COc1ccc(OC)c(NC(=O)c2sc(=S)n3c2[nH]c(=O)c2ccc(Br)cc23)c1,18800.0
CHEMBL5094630,COc1ccc(OC)c(NC(=O)c2sc(=S)n3c2[nH]c(=O)c2ccc(Cl)cc23)c1,5200.0
CHEMBL5083952,COc1ccc(OC)c(NC(=O)c2sc(=S)n3c2[nH]c(=O)c2ccc(F)cc23)c1,17000.0
CHEMBL5086306,COC(=O)c1ccc2c(=O)[nH]c3c(C(=O)Nc4cc(OC)ccc4OC)sc(=S)n3c2c1,5300.0
CHEMBL5090839,COc1ccc(OC)c(NC(=O)c2sc(=S)n3c2[nH]c(=O)c2cc(OC)ccc23)c1,25000.0
CHEMBL5076557,COc1ccc(OC)c(NC(=O)c2sc(=S)n3c2[nH]c(=O)c2cc(Br)ccc23)c1,6900.0
CHEMBL5094556,COc1ccc(OC)c(NC(=O)c2sc(=S)n3c2[nH]c(=O)c2cc(Cl)ccc23)c1,3200.0
CHEMBL5080756,COc1ccc(OC)c(NC(=O)c2sc(=S)n3c2[nH]c(=O)c2cc(F)c(F)cc23)c1,11600.0
CHEMBL5091353,COc1ccc(OC)c(NC(=O)c2sc(=S)n3c2[nH]c(=O)c2cc(OC)c(OC)cc23)c1,25000.0
CHEMBL5077392,O=C(Nc1ccc([N+](=O)[O-])cc1)c1sc(=S)n2c1[nH]c(=O)c1ccc(Cl)cc12,2600.0
CHEMBL5072197,COC(=O)c1ccc2c(=O)[nH]c3c(C(=O)Nc4ccc([N+](=O)[O-])cc4)sc(=S)n3c2c1,4300.0
CHEMBL5087492,O=C(Nc1cc(Cl)cc(Cl)c1)c1sc(=S)n2c1[nH]c(=O)c1ccc(Cl)cc12,7400.0
CHEMBL5088563,O=C(Nc1cc(Cl)cc(Cl)c1)c1sc(=S)n2c1[nH]c(=O)c1cc(Br)ccc12,3300.0
CHEMBL5077060,COC(=O)c1ccc2c(=O)[nH]c3c(C(=O)Nc4cc(Cl)cc(Cl)c4)sc(=S)n3c2c1,2500.0
CHEMBL5080313,COc1cc2c(=O)[nH]c3c(C(=O)Nc4cc(Cl)cc(Cl)c4)sc(=S)n3c2cc1OC,2200.0
CHEMBL5086958,O=C(Nc1cccc(Cl)c1[N+](=O)[O-])c1sc(=S)n2c1[nH]c(=O)c1ccc(Cl)cc12,4400.0
CHEMBL5082109,COC(=O)c1ccc2c(=O)[nH]c3c(C(=O)Nc4cccc(Cl)c4[N+](=O)[O-])sc(=S)n3c2c1,3000.0
CHEMBL5078165,CCc1ccccc1NC(=O)c1sc(=S)n2c1[nH]c(=O)c1ccc(Cl)cc12,5100.0
CHEMBL5087760,CCc1ccccc1NC(=O)c1sc(=S)n2c1[nH]c(=O)c1ccc(C(=O)OC)cc12,3200.0
CHEMBL5081445,CCc1ccccc1NC(=O)c1sc(=S)n2c1[nH]c(=O)c1cc(Br)ccc12,4400.0
CHEMBL5078822,CCc1ccccc1NC(=O)c1sc(=S)n2c1[nH]c(=O)c1cc(F)c(F)cc12,5200.0
CHEMBL5087126,COC(=O)c1ccc2c(=O)[nH]c3c(C(=O)Nc4ccc(Cl)cc4)sc(=S)n3c2c1,5100.0
CHEMBL5090547,COC(=O)c1ccc2c(=O)[nH]c3c(C(=O)Nc4ccc(Cl)c(Cl)c4)sc(=S)n3c2c1,6900.0
CHEMBL5070379,COc1ccccc1NC(=O)c1sc(=S)n2c1[nH]c(=O)c1ccc(Br)cc12,7700.0
CHEMBL5090041,COc1ccc(OC)c(NC(=O)c2sc(=S)n(-c3cccc(C#N)c3)c2NC(=O)CCl)c1,5500.0
CHEMBL5092692,COc1ccc(OC)c(NC(=O)c2sc(=S)n(-c3cccc(C(F)(F)F)c3)c2NC(=O)CCl)c1,3200.0
CHEMBL5092796,COc1ccc(OC)c(NC(=O)c2sc(=S)n(-c3ccc(C(F)(F)F)cc3)c2NC(=O)CCl)c1,5300.0
CHEMBL5080198,COc1ccc(OC)c(NC(=O)c2sc(=S)n(-c3ccc(Cl)cc3)c2NC(=O)CCl)c1,7000.0
CHEMBL5083165,COc1ccc(OC)c(NC(=O)c2sc(=S)n(-c3cccc(F)c3)c2NC(=O)CCl)c1,3800.0
CHEMBL5088446,COc1ccc(OC)c(NC(=O)c2sc(=S)n(-c3cccc(Br)c3)c2NC(=O)CCl)c1,4600.0
CHEMBL5092929,O=C(Nc1cccc(F)c1)c1sc(=S)n2c1[nH]c(=O)c1ccc(Cl)cc12,5530.0
CHEMBL5081565,O=C(O)c1cccc(NC(=O)c2sc(=S)n3c2[nH]c(=O)c2ccc(Cl)cc23)c1,8360.0
CHEMBL5079555,Cc1ccccc1NC(=O)c1sc(=S)n2c1[nH]c(=O)c1ccc(Cl)cc12,10990.0
CHEMBL5090110,Cc1ccccc1C1CCN(c2ccc(NC(=O)c3ccc(Cl)cc3)c(C(=O)O)c2)C1,12010.0
CHEMBL5093329,COC(=O)c1ccc2c(=O)[nH]c3c(C(=O)Nc4ccc(F)cc4F)sc(=S)n3c2c1,12240.0
CHEMBL5094621,CC(C)c1ccc(S(=O)(=O)Nc2ccc(N3CCC(Cc4ccccc4)CC3)cc2C(=O)O)cc1,12320.0
CHEMBL5092244,COc1cccc(CNC(=O)c2sc(=S)n3c2[nH]c(=O)c2cc(Br)ccc23)c1,12840.0
CHEMBL5087386,COc1cccc(CNC(=O)c2sc(=S)n3c2[nH]c(=O)c2cc(Cl)ccc23)c1,12840.0
CHEMBL5089961,Cc1ccc(S(=O)(=O)C2=C(O)C(=O)N(Cc3ccc(F)cc3)C2c2ccc(C(C)C)cc2)cc1,13040.0
CHEMBL5090479,COC(=O)c1ccc2c(=O)[nH]c3c(C(=O)Nc4ccccc4C)sc(=S)n3c2c1,14540.0
CHEMBL5089168,O=C(O)c1cccc(NC(=O)c2sc(=S)n3c2[nH]c(=O)c2cc(Br)ccc23)c1,14880.0
CHEMBL5081354,O=C(Nc1cccc(F)c1)c1sc(=S)n2c1[nH]c(=O)c1cc(Br)ccc12,16130.0
CHEMBL5084772,Cc1ccc(NC(=O)Nc2ccc3nc(N4CCN(C)CC4)cc(C)c3c2)cc1Cl,16600.0
CHEMBL5083225,CCc1ccccc1NC(=O)c1sc(=S)n2c1[nH]c(=O)c1cc(C)ccc12,18460.0
CHEMBL5079377,O=C(Nc1ccccc1Cl)c1sc(=S)n2c1[nH]c(=O)c1ccccc12,20420.0
CHEMBL5076134,Cc1ccc2c(c1)c(=O)[nH]c1c(C(=O)Nc3ccccc3C)sc(=S)n12,21150.0
CHEMBL5086302,O=C(NCc1ccccc1Cl)c1sc(=S)n2c1[nH]c(=O)c1cc(Br)ccc12,2300.0
CHEMBL5077497,Cc1ccc2c(c1)c(=O)[nH]c1c(C(=O)Nc3cc(Cl)ccc3C)sc(=S)n12,3400.0
CHEMBL5077724,Cc1ccc(Cl)cc1NC(=O)c1sc(=S)n2c1[nH]c(=O)c1cc3c(cc12)OCO3,3600.0
CHEMBL5075716,O=C(NCc1cccs1)c1sc(=S)n2c1[nH]c(=O)c1cc(Br)ccc12,4100.0
CHEMBL5087748,CCOc1ccc(OCC)c(NC(=O)c2sc(=S)n3c2[nH]c(=O)c2ccc(Cl)cc23)c1,4700.0
CHEMBL5086946,O=C(NCc1ccco1)c1sc(=S)n2c1[nH]c(=O)c1cc(Br)ccc12,5200.0
CHEMBL5077868,O=C(NCc1ccccc1Cl)c1sc(=S)n2c1[nH]c(=O)c1cc(Cl)ccc12,5300.0
CHEMBL5079622,COc1ccccc1CNC(=O)c1sc(=S)n2c1[nH]c(=O)c1cc(Cl)ccc12,6000.0
CHEMBL5093736,COc1ccccc1NC(=O)c1sc(=S)n2c1[nH]c(=O)c1cc(Cl)ccc12,6100.0
CHEMBL5094303,COC(=O)c1ccc2c(=O)[nH]c3c(C(=O)Nc4ccc(-c5ccccc5)cc4)sc(=S)n3c2c1,6400.0
CHEMBL5084041,Cc1ccc(NC(=O)c2sc(=S)n3c2[nH]c(=O)c2cc(Br)ccc23)c(C)c1,6400.0
CHEMBL5086532,Cc1ccc(NC(=O)c2sc(=S)n3c2[nH]c(=O)c2cc(C)ccc23)c(C)c1,7160.0
CHEMBL5078790,CO[C@@H](C)c1c(NC(=O)Nc2cnc(C(=O)N3CCCC3)c(Cl)c2)cnc2cc(Cl)nn12,5.0
CHEMBL5191484,FC(F)(F)c1nccc(N[C@H]2CC[C@@H](Nc3ccnc(C(F)(F)F)n3)CC2)n1,2200.0
CHEMBL5173518,FC(F)(F)c1nccc(N[C@H]2CC[C@@H](Nc3ccncn3)CC2)n1,50000.0
CHEMBL5199333,FC(F)(F)c1cccc(N[C@H]2CC[C@@H](Nc3ccnc(C(F)(F)F)n3)CC2)c1,1800.0
CHEMBL5207598,FC(F)(F)c1nccc(N[C@H]2CC[C@@H](Nc3cnc4ccccc4c3)CC2)n1,7200.0
CHEMBL5191063,FC(F)(F)c1nccc(N[C@H]2CC[C@@H](Nc3ccc4cnccc4n3)CC2)n1,7500.0
CHEMBL5184632,FC(F)(F)c1nccc(N[C@H]2CC[C@@H](Nc3ncnc4sccc34)CC2)n1,5000.0
CHEMBL5192821,FC(F)(F)c1nccc(N[C@H]2CC[C@@H](Nc3ccc4ncc(Cl)n4n3)CC2)n1,400.0
CHEMBL5184753,FC(F)(F)c1nccc(N[C@H]2CC[C@@H](Nc3ccc4nnc(Cl)n4n3)CC2)n1,300.0
CHEMBL5204871,FC(F)(F)c1nccc(N[C@H]2CC[C@@H](Nc3ccc4nncn4n3)CC2)n1,35000.0
CHEMBL5179449,FC(F)(F)c1nccc(N[C@H]2CC[C@@H](Nc3ccc4nnc(Br)n4n3)CC2)n1,1100.0
CHEMBL5199890,CSc1nnc2ccc(N[C@H]3CC[C@@H](Nc4ccnc(C(F)(F)F)n4)CC3)nn12,800.0
CHEMBL5171317,Cc1nnc2ccc(N[C@H]3CC[C@@H](Nc4ccnc(C(F)(F)F)n4)CC3)nn12,4700.0
CHEMBL5197648,FC(F)(F)c1nccc(N[C@H]2CC[C@@H](Nc3ccc4nnc(C5CC5)n4n3)CC2)n1,4500.0
CHEMBL5204212,FC(F)(F)c1nccc(N[C@H]2CC[C@@H](Nc3ccc4nnc(C(F)(F)F)n4n3)CC2)n1,1800.0
CHEMBL5180573,Nc1nnc2ccc(N[C@H]3CC[C@@H](Nc4ccnc(C(F)(F)F)n4)CC3)nn12,26000.0
CHEMBL5209109,CN(c1ccc2nnc(Cl)n2n1)[C@H]1CC[C@@H](Nc2ccnc(C(F)(F)F)n2)CC1,500.0
CHEMBL5172731,CN(c1ccnc(C(F)(F)F)n1)[C@H]1CC[C@@H](Nc2ccc3nnc(Cl)n3n2)CC1,1100.0
CHEMBL5177508,FC(F)(F)c1nccc(O[C@H]2CC[C@@H](Nc3ccc4nnc(Cl)n4n3)CC2)n1,1200.0
CHEMBL5203767,FC(F)(F)c1nccc(N[C@H]2CC[C@@H](Oc3ccc4nnc(Cl)n4n3)CC2)n1,7200.0
CHEMBL5195900,FC(F)(F)c1nccc(N[C@]23CC[C@](Nc4ccc5nnc(Cl)n5n4)(CC2)CC3)n1,4200.0
CHEMBL5181736,FC(F)(F)c1nccc(N2CCC(CNc3ccc4nnc(Cl)n4n3)CC2)n1,6100.0
CHEMBL5193497,FC(F)(F)c1nccc(NCC2CCN(c3ccc4nnc(Cl)n4n3)CC2)n1,23000.0
CHEMBL5204915,FC(F)(F)c1nccc(NC2CCN(c3ccc4nnc(Cl)n4n3)CC2)n1,6100.0
CHEMBL5182946,FC(F)(F)c1nccc(N2CCC(Nc3ccc4nnc(Cl)n4n3)CC2)n1,50000.0
CHEMBL5188862,FC(F)(F)c1nccc(N2CCN(c3ccc4nnc(Cl)n4n3)CC2)n1,50000.0
CHEMBL5189224,FC(F)(F)c1nccc(N[C@@H]2CC[C@H](Nc3ccc4nnc(Cl)n4n3)C2)n1,1100.0
CHEMBL5186994,FC(F)(F)c1nccc(N[C@H]2C[C@@H](CNc3ccc4nnc(Cl)n4n3)C2)n1,17000.0
CHEMBL5206064,FC(F)(F)c1nccc(NC[C@H]2C[C@@H](Nc3ccc4nnc(Cl)n4n3)C2)n1,18000.0
CHEMBL5201433,FC(F)(F)c1nccc(N[C@H]2C[C@@H](Nc3ccc4nnc(Cl)n4n3)C2)n1,50000.0
CHEMBL5170695,Clc1nnc2ccc(N[C@H]3CC[C@@H](Nc4ccncn4)CC3)nn12,31000.0
CHEMBL5208911,FC(F)(F)c1cccc(N[C@H]2CC[C@@H](Nc3ccc4nnc(Cl)n4n3)CC2)c1,1400.0
CHEMBL5177135,COc1ncc(N[C@H]2CC[C@@H](Nc3ccc4nnc(Cl)n4n3)CC2)cc1Cl,600.0
CHEMBL5187381,FC(F)(F)c1cc(N[C@H]2CC[C@@H](Nc3ccc4nnc(Cl)n4n3)CC2)ccn1,1500.0
CHEMBL5281129,CN(C)[C@@H](CO)CNC(=O)c1cc(-c2ccc(Cl)cc2)n(-c2ccc(Cl)cc2)n1,690.0
CHEMBL5276870,CN(C)CC(=O)NCc1cc(-c2ccc(Cl)cc2)n(-c2ccc(Cl)cc2)n1,3878.0
CHEMBL5279340,CN(C)[C@@H](CO)C(=O)NCc1cc(-c2ccc(Cl)cc2)n(-c2ccc(Cl)cc2)n1,4021.0
CHEMBL5285243,O=C(Cc1ccccc1)NCc1cc(-c2ccc(Cl)cc2)n(-c2ccc(Cl)cc2)n1,188.0
CHEMBL5278393,CC(=O)NCc1cc(-c2ccc(Cl)cc2)n(-c2ccc(Cl)cc2)n1,1773.0
CHEMBL5269108,O=C(NCc1cc(-c2ccc(Cl)cc2)n(-c2ccc(Cl)cc2)n1)c1ccccc1,25000.0
CHEMBL5277558,O=C(CCc1ccccc1)NCc1cc(-c2ccc(Cl)cc2)n(-c2ccc(Cl)cc2)n1,262.0
CHEMBL5280747,O=C(NCc1cc(-c2ccc(Cl)cc2)n(-c2ccc(Cl)cc2)n1)C(O)c1ccccc1,159.0
CHEMBL5279448,N[C@H](C(=O)NCc1cc(-c2ccc(Cl)cc2)n(-c2ccc(Cl)cc2)n1)c1ccccc1,53.0
CHEMBL5282720,N[C@@H](C(=O)NCc1cc(-c2ccc(Cl)cc2)n(-c2ccc(Cl)cc2)n1)c1ccccc1,368.0
CHEMBL5284437,N[C@@H](Cc1ccccc1)C(=O)NCc1cc(-c2ccc(Cl)cc2)n(-c2ccc(Cl)cc2)n1,280.0
CHEMBL5290417,CN(C)[C@H](C(=O)NCc1cc(-c2ccc(Cl)cc2)n(-c2ccc(Cl)cc2)n1)c1ccccc1,53.0
CHEMBL5287958,CS(=O)(=O)N[C@H](C(=O)NCc1cc(-c2ccc(Cl)cc2)n(-c2ccc(Cl)cc2)n1)c1ccccc1,60.0
CHEMBL5286543,CC(=O)N[C@H](C(=O)NCc1cc(-c2ccc(Cl)cc2)n(-c2ccc(Cl)cc2)n1)c1ccccc1,42.0
CHEMBL5268688,CC(C)[C@H](N)C(=O)NCc1cc(-c2ccc(Cl)cc2)n(-c2ccc(Cl)cc2)n1,1846.0
CHEMBL5276979,CC(=O)N[C@H](C(=O)NCc1cc(-c2ccc(Cl)cc2)n(-c2ccc(Cl)cc2)n1)C(C)C,2059.0
CHEMBL5278620,NC(C(=O)NCc1cc(-c2ccc(Cl)cc2)n(-c2ccc(Cl)cc2)n1)c1ccccn1,227.0
CHEMBL5282179,CC(=O)NC(C(=O)NCc1cc(-c2ccc(Cl)cc2)n(-c2ccc(Cl)cc2)n1)c1ccccn1,56.0
CHEMBL5286743,CS(=O)(=O)NCc1cc(-c2ccc(Cl)cc2)n(-c2ccc(Cl)cc2)n1,2189.0
CHEMBL5269698,NC(=O)NCc1cc(-c2ccc(Cl)cc2)n(-c2ccc(Cl)cc2)n1,1432.0
CHEMBL5272154,N#C/N=C(\N)NCc1cc(-c2ccc(Cl)cc2)n(-c2ccc(Cl)cc2)n1,1586.0
CHEMBL5291278,NC(=O)/N=C(\N)NCc1cc(-c2ccc(Cl)cc2)n(-c2ccc(Cl)cc2)n1,1114.0
CHEMBL5283688,CC(=O)/N=C(\N)NCc1cc(-c2ccc(Cl)cc2)n(-c2ccc(Cl)cc2)n1,1540.0
CHEMBL5285346,CS(=O)(=O)/N=C(\N)NCc1cc(-c2ccc(Cl)cc2)n(-c2ccc(Cl)cc2)n1,401.0
CHEMBL5272624,CCN/C(=N\S(C)(=O)=O)NCc1cc(-c2ccc(Cl)cc2)n(-c2ccc(Cl)cc2)n1,848.0
CHEMBL5286997,CS(=O)(=O)/N=C(/NCc1cc(-c2ccc(Cl)cc2)n(-c2ccc(Cl)cc2)n1)NCC1CC1,53.0
CHEMBL5270817,CS(=O)(=O)/N=C(\NCc1ccccc1)NCc1cc(-c2ccc(Cl)cc2)n(-c2ccc(Cl)cc2)n1,31.0
CHEMBL5278468,CS(=O)(=O)/N=C(\NCc1ccccn1)NCc1cc(-c2ccc(Cl)cc2)n(-c2ccc(Cl)cc2)n1,34.0
CHEMBL5278273,CS(=O)(=O)/N=C(\NCc1cccc(Cl)c1)NCc1cc(-c2ccc(Cl)cc2)n(-c2ccc(Cl)cc2)n1,20.0
CHEMBL5281444,CS(=O)(=O)/N=C(/NCc1cc(-c2ccc(Cl)cc2)n(-c2ccc(Cl)cc2)n1)NCc1cccs1,26.0
CHEMBL5287727,CS(=O)(=O)/N=C(/NCc1cc(-c2ccc(Cl)cc2)n(-c2ccc(Cl)cc2)n1)N[C@H](CO)c1ccccc1,45.0
CHEMBL5272551,N/C(=N\S(=O)(=O)C1CC1)NCc1cc(-c2ccc(Cl)cc2)n(-c2ccc(Cl)cc2)n1,258.0
CHEMBL5285894,N/C(=N\S(=O)(=O)C1CCCCC1)NCc1cc(-c2ccc(Cl)cc2)n(-c2ccc(Cl)cc2)n1,762.0
CHEMBL5266733,N/C(=N\S(=O)(=O)Cc1ccccc1)NCc1cc(-c2ccc(Cl)cc2)n(-c2ccc(Cl)cc2)n1,774.0
CHEMBL5276988,N/C(=N\S(=O)(=O)c1ccccc1)NCc1cc(-c2ccc(Cl)cc2)n(-c2ccc(Cl)cc2)n1,93.0
CHEMBL5267101,N/C(=N\S(=O)(=O)c1ccncc1)NCc1cc(-c2ccc(Cl)cc2)n(-c2ccc(Cl)cc2)n1,562.0
CHEMBL5266044,N/C(=N\S(=O)(=O)c1cccs1)NCc1cc(-c2ccc(Cl)cc2)n(-c2ccc(Cl)cc2)n1,249.0
CHEMBL5275402,Cn1ccc(S(=O)(=O)/N=C(\N)NCc2cc(-c3ccc(Cl)cc3)n(-c3ccc(Cl)cc3)n2)n1,510.0
CHEMBL5290312,N/C(=N\S(=O)(=O)c1cccc(F)c1)NCc1cc(-c2ccc(Cl)cc2)n(-c2ccc(Cl)cc2)n1,56.0
CHEMBL5274033,COc1cccc(S(=O)(=O)/N=C(\N)NCc2cc(-c3ccc(Cl)cc3)n(-c3ccc(Cl)cc3)n2)c1,60.0
